{"cameraMode":{"drawMode":0,"name":"Shaded","section":"Shading Mode"},"sceneLighting":true,"audioPlay":false,"sceneViewState":{"showFog":true,"showMaterialUpdate":false,"showSkybox":true,"showFlares":true,"showImageEffects":true,"showParticleSystems":true,"showVisualEffectGraphs":true,"m_FxEnabled":true},"in2DMode":false,"pivot":{"x":13.171502113342286,"y":2.5504748821258547,"z":-2.1004748344421388},"rotation":{"x":-0.11688432097434998,"y":-0.05152120068669319,"z":0.006096480414271355,"w":-0.9918133616447449},"size":6.761525630950928,"orthographic":false}