{"cameraMode":{"drawMode":0,"name":"Shaded","section":"Shading Mode"},"sceneLighting":true,"audioPlay":false,"sceneViewState":{"showFog":true,"showMaterialUpdate":false,"showSkybox":true,"showFlares":true,"showImageEffects":true,"showParticleSystems":true,"showVisualEffectGraphs":true,"m_FxEnabled":true},"in2DMode":false,"pivot":{"x":17.968441009521486,"y":3.497204542160034,"z":-1.1029753684997559},"rotation":{"x":-0.09163786470890045,"y":0.03196316584944725,"z":-0.002869656076654792,"w":-0.9953044652938843},"size":23.47161293029785,"orthographic":false}